"BuildHiGGS","BuildHiGGS","DefTheory","DefTheory","Velocity","Velocity","PoissonBracket","PoissonBracket","DeclareOrder","DeclareOrder","ToOrderCanonical","ToOrderCanonical","VarAction","VarAction","ToNewCanonical","ToNewCanonical"
0.,0.,0.,0.,0.,0.,0.,0.,3.858930982456518e9,0.00796,0.,0.,0.,0.,0.,0.
0.,0.,0.,0.,0.,0.,0.,0.,3.858930982567179e9,0.005406,0.,0.,0.,0.,0.,0.
0.,0.,0.,0.,0.,0.,0.,0.,3.858930982578326e9,0.004969,0.,0.,0.,0.,0.,0.
0.,0.,0.,0.,0.,0.,0.,0.,3.858930982590339e9,0.007821,0.,0.,0.,0.,0.,0.
0.,0.,0.,0.,0.,0.,0.,0.,3.858930982604259e9,0.005168,0.,0.,0.,0.,0.,0.
0.,0.,0.,0.,0.,0.,0.,0.,3.858930982616376e9,0.007592,0.,0.,0.,0.,0.,0.
0.,0.,0.,0.,0.,0.,0.,0.,3.858930982631769e9,0.008348,0.,0.,0.,0.,0.,0.
0.,0.,0.,0.,0.,0.,0.,0.,3.858930982647955e9,0.009107,0.,0.,0.,0.,0.,0.
0.,0.,0.,0.,0.,0.,0.,0.,3.858930982663197e9,0.003904,0.,0.,0.,0.,0.,0.
0.,0.,0.,0.,0.,0.,0.,0.,3.858930982678063e9,0.007085,0.,0.,0.,0.,0.,0.
0.,0.,0.,0.,0.,0.,0.,0.,3.858930982693626e9,0.001221,0.,0.,0.,0.,0.,0.
0.,0.,0.,0.,0.,0.,0.,0.,3.858930982701337e9,0.0053,0.,0.,0.,0.,0.,0.
0.,0.,0.,0.,0.,0.,0.,0.,3.858930982713332e9,0.002284,0.,0.,0.,0.,0.,0.
0.,0.,0.,0.,0.,0.,0.,0.,3.858930982722493e9,0.002306,0.,0.,0.,0.,0.,0.
0.,0.,0.,0.,0.,0.,0.,0.,3.858930982857171e9,0.007479,0.,0.,0.,0.,0.,0.
0.,0.,0.,0.,0.,0.,0.,0.,3.858930982872776e9,0.008381,0.,0.,0.,0.,0.,0.
0.,0.,0.,0.,0.,0.,0.,0.,3.858930982890125e9,0.009147,0.,0.,0.,0.,0.,0.
0.,0.,0.,0.,0.,0.,0.,0.,3.858930982906903e9,0.003984,0.,0.,0.,0.,0.,0.
0.,0.,0.,0.,0.,0.,0.,0.,3.858930982918615e9,0.004076,0.,0.,0.,0.,0.,0.
0.,0.,0.,0.,0.,0.,0.,0.,3.858930982929895e9,0.001168,0.,0.,0.,0.,0.,0.
0.,0.,0.,0.,0.,0.,0.,0.,3.858930982938539e9,0.005189,0.,0.,0.,0.,0.,0.
0.,0.,0.,0.,0.,0.,0.,0.,3.858930982950976e9,0.002169,0.,0.,0.,0.,0.,0.
0.,0.,0.,0.,0.,0.,0.,0.,3.858930982959902e9,0.002091,0.,0.,0.,0.,0.,0.
0.,0.,0.,0.,0.,0.,0.,0.,3.858930983081022e9,0.004984,0.,0.,0.,0.,0.,0.
0.,0.,0.,0.,0.,0.,0.,0.,3.858930983093221e9,0.00213,0.,0.,0.,0.,0.,0.
0.,0.,0.,0.,0.,0.,0.,0.,3.85893098310236e9,0.002098,0.,0.,0.,0.,0.,0.
0.,0.,0.,0.,0.,0.,0.,0.,3.858930983121814e9,0.005033,0.,0.,0.,0.,0.,0.
0.,0.,0.,0.,0.,0.,0.,0.,3.85893098322087e9,0.002964,0.,0.,0.,0.,0.,0.
0.,0.,0.,0.,0.,0.,0.,0.,3.858930983231625e9,0.001138,0.,0.,0.,0.,0.,0.
0.,0.,0.,0.,0.,0.,0.,0.,3.858930983240597e9,0.002105,0.,0.,0.,0.,0.,0.
0.,0.,0.,0.,0.,0.,0.,0.,3.858930983356978e9,0.004966,0.,0.,0.,0.,0.,0.
0.,0.,0.,0.,0.,0.,0.,0.,3.858930983375989e9,0.004943,0.,0.,0.,0.,0.,0.
0.,0.,0.,0.,0.,0.,0.,0.,3.85893098338975e9,0.002964,0.,0.,0.,0.,0.,0.
0.,0.,0.,0.,0.,0.,0.,0.,3.858930983404881e9,0.002869,0.,0.,0.,0.,0.,0.
0.,0.,0.,0.,0.,0.,0.,0.,3.858930983431111e9,0.004987,0.,0.,0.,0.,0.,0.
0.,0.,0.,0.,0.,0.,0.,0.,3.858930983496654e9,0.009316,0.,0.,0.,0.,0.,0.
0.,0.,0.,0.,0.,0.,0.,0.,3.858930983521857e9,0.006481,0.,0.,0.,0.,0.,0.
0.,0.,0.,0.,0.,0.,0.,0.,3.858930983730996e9,0.005042,0.,0.,0.,0.,0.,0.
0.,0.,0.,0.,0.,0.,0.,0.,3.858930983953174e9,0.004923,0.,0.,0.,0.,0.,0.
0.,0.,0.,0.,0.,0.,0.,0.,3.858930983981573e9,0.007739,0.,0.,0.,0.,0.,0.
0.,0.,0.,0.,0.,0.,0.,0.,3.858930984028079e9,0.007718,0.,0.,0.,0.,0.,0.
0.,0.,0.,0.,0.,0.,0.,0.,3.858930984053803e9,0.005003,0.,0.,0.,0.,0.,0.
0.,0.,0.,0.,0.,0.,0.,0.,3.858930984087947e9,0.002874,0.,0.,0.,0.,0.,0.
0.,0.,0.,0.,0.,0.,0.,0.,3.858930984106761e9,0.004975,0.,0.,0.,0.,0.,0.
0.,0.,0.,0.,0.,0.,0.,0.,3.858930984136029e9,0.002872,0.,0.,0.,0.,0.,0.
0.,0.,0.,0.,0.,0.,0.,0.,3.858930984154682e9,0.004936,0.,0.,0.,0.,0.,0.
0.,0.,0.,0.,0.,0.,0.,0.,3.858930984430839e9,0.002084,0.,0.,0.,0.,0.,0.
0.,0.,0.,0.,0.,0.,0.,0.,3.858930984441386e9,0.006419,0.,0.,0.,0.,0.,0.
0.,0.,0.,0.,0.,0.,0.,0.,3.858930984474864e9,0.002882,0.,0.,0.,0.,0.,0.
0.,0.,0.,0.,0.,0.,0.,0.,3.858930984486532e9,0.008155,0.,0.,0.,0.,0.,0.
0.,0.,0.,0.,0.,0.,0.,0.,3.858930985702987e9,0.003369,0.,0.,0.,0.,0.,0.
0.,0.,0.,0.,0.,0.,0.,0.,3.858930987011049e9,0.007613,0.,0.,0.,0.,0.,0.
0.,0.,0.,0.,0.,0.,0.,0.,3.85893099524557e9,0.00119,0.,0.,0.,0.,0.,0.
0.,0.,0.,0.,0.,0.,0.,0.,3.858930995260303e9,0.002139,0.,0.,0.,0.,0.,0.
0.,0.,0.,0.,0.,0.,0.,0.,3.858930995273608e9,0.003852,0.,0.,0.,0.,0.,0.
0.,0.,0.,0.,0.,0.,0.,0.,3.858930995287957e9,0.001078,0.,0.,0.,0.,0.,0.
0.,0.,0.,0.,0.,0.,0.,0.,3.858930995299423e9,0.001101,0.,0.,0.,0.,0.,0.
0.,0.,0.,0.,0.,0.,0.,0.,3.858930995311991e9,0.003907,0.,0.,0.,0.,0.,0.
0.,0.,0.,0.,0.,0.,0.,0.,3.858930995327219e9,0.002126,0.,0.,0.,0.,0.,0.
0.,0.,0.,0.,0.,0.,0.,0.,3.858930995341309e9,0.003896,0.,0.,0.,0.,0.,0.
0.,0.,0.,0.,0.,0.,0.,0.,3.858930995357388e9,0.005085,0.,0.,0.,0.,0.,0.
0.,0.,0.,0.,0.,0.,0.,0.,3.858930996852328e9,0.003671,0.,0.,0.,0.,0.,0.
0.,0.,0.,0.,0.,0.,0.,0.,3.858930996951797e9,0.005348,0.,0.,0.,0.,0.,0.
0.,0.,0.,0.,0.,0.,0.,0.,3.858930997321312e9,0.00122,0.,0.,0.,0.,0.,0.
0.,0.,0.,0.,0.,0.,0.,0.,3.858930997336915e9,0.004373,0.,0.,0.,0.,0.,0.
0.,0.,0.,0.,0.,0.,0.,0.,3.85893099735481e9,0.002198,0.,0.,0.,0.,0.,0.
0.,0.,0.,0.,0.,0.,0.,0.,3.8589309973716e9,0.004608,0.,0.,0.,0.,0.,0.
0.,0.,0.,0.,0.,0.,0.,0.,3.858930997389415e9,0.001213,0.,0.,0.,0.,0.,0.
0.,0.,0.,0.,0.,0.,0.,0.,3.858930997404435e9,0.001194,0.,0.,0.,0.,0.,0.
0.,0.,0.,0.,0.,0.,0.,0.,3.858930997420943e9,0.004545,0.,0.,0.,0.,0.,0.
0.,0.,0.,0.,0.,0.,0.,0.,3.858930997440123e9,0.002276,0.,0.,0.,0.,0.,0.
0.,0.,0.,0.,0.,0.,0.,0.,3.858930997457937e9,0.004117,0.,0.,0.,0.,0.,0.
0.,0.,0.,0.,0.,0.,0.,0.,3.85893099747725e9,0.005976,0.,0.,0.,0.,0.,0.
0.,0.,0.,0.,0.,0.,0.,0.,3.858930999506082e9,0.00133,0.,0.,0.,0.,0.,0.
0.,0.,0.,0.,0.,0.,0.,0.,3.85893099952248e9,0.004101,0.,0.,0.,0.,0.,0.
0.,0.,0.,0.,0.,0.,0.,0.,3.858930999541518e9,0.00232,0.,0.,0.,0.,0.,0.
0.,0.,0.,0.,0.,0.,0.,0.,3.858930999559228e9,0.004526,0.,0.,0.,0.,0.,0.
0.,0.,0.,0.,0.,0.,0.,0.,3.858930999578055e9,0.001223,0.,0.,0.,0.,0.,0.
0.,0.,0.,0.,0.,0.,0.,0.,3.858930999593309e9,0.001173,0.,0.,0.,0.,0.,0.
0.,0.,0.,0.,0.,0.,0.,0.,3.858930999610275e9,0.004177,0.,0.,0.,0.,0.,0.
0.,0.,0.,0.,0.,0.,0.,0.,3.858930999630189e9,0.00254,0.,0.,0.,0.,0.,0.
0.,0.,0.,0.,0.,0.,0.,0.,3.858930999648513e9,0.004059,0.,0.,0.,0.,0.,0.
0.,0.,0.,0.,0.,0.,0.,0.,3.85893099967128e9,0.008589,0.,0.,0.,0.,0.,0.
0.,0.,0.,0.,0.,0.,0.,0.,3.858931001594601e9,0.005093,0.,0.,0.,0.,0.,0.
0.,0.,0.,0.,0.,0.,0.,0.,3.858931001739879e9,0.008817,0.,0.,0.,0.,0.,0.
0.,0.,0.,0.,0.,0.,0.,0.,3.858931002020976e9,0.002142,0.,0.,0.,0.,0.,0.
0.,0.,0.,0.,0.,0.,0.,0.,3.85893100205391e9,0.006783,0.,0.,0.,0.,0.,0.
0.,0.,0.,0.,0.,0.,0.,0.,3.858931002089722e9,0.003807,0.,0.,0.,0.,0.,0.
0.,0.,0.,0.,0.,0.,0.,0.,3.858931002123181e9,0.006583,0.,0.,0.,0.,0.,0.
0.,0.,0.,0.,0.,0.,0.,0.,3.858931002157769e9,0.00204,0.,0.,0.,0.,0.,0.
0.,0.,0.,0.,0.,0.,0.,0.,3.858931002187804e9,0.002037,0.,0.,0.,0.,0.,0.
0.,0.,0.,0.,0.,0.,0.,0.,3.858931002220551e9,0.006783,0.,0.,0.,0.,0.,0.
0.,0.,0.,0.,0.,0.,0.,0.,3.858931002256899e9,0.003819,0.,0.,0.,0.,0.,0.
0.,0.,0.,0.,0.,0.,0.,0.,3.858931002291396e9,0.00661,0.,0.,0.,0.,0.,0.
0.,0.,0.,0.,0.,0.,0.,0.,3.858931002329084e9,0.008833,0.,0.,0.,0.,0.,0.
0.,0.,0.,0.,0.,0.,0.,0.,3.858931004023874e9,0.003228,0.,0.,0.,0.,0.,0.
0.,0.,0.,0.,0.,0.,0.,0.,3.858931004074975e9,0.005323,0.,0.,0.,0.,0.,0.
0.,0.,0.,0.,0.,0.,0.,0.,3.85893100415232e9,0.001231,0.,0.,0.,0.,0.,0.
0.,0.,0.,0.,0.,0.,0.,0.,3.858931004178795e9,0.00406,0.,0.,0.,0.,0.,0.
0.,0.,0.,0.,0.,0.,0.,0.,3.85893100420448e9,0.002172,0.,0.,0.,0.,0.,0.
0.,0.,0.,0.,0.,0.,0.,0.,3.858931004231496e9,0.003849,0.,0.,0.,0.,0.,0.
0.,0.,0.,0.,0.,0.,0.,0.,3.8589310042529e9,0.001269,0.,0.,0.,0.,0.,0.
0.,0.,0.,0.,0.,0.,0.,0.,3.858931004271836e9,0.001264,0.,0.,0.,0.,0.,0.
0.,0.,0.,0.,0.,0.,0.,0.,3.858931004299445e9,0.004136,0.,0.,0.,0.,0.,0.
0.,0.,0.,0.,0.,0.,0.,0.,3.85893100432608e9,0.002209,0.,0.,0.,0.,0.,0.
0.,0.,0.,0.,0.,0.,0.,0.,3.858931004354402e9,0.003936,0.,0.,0.,0.,0.,0.
0.,0.,0.,0.,0.,0.,0.,0.,3.858931004391687e9,0.005255,0.,0.,0.,0.,0.,0.
0.,0.,0.,0.,0.,0.,0.,0.,3.858931005949035e9,0.001285,0.,0.,0.,0.,0.,0.
0.,0.,0.,0.,0.,0.,0.,0.,3.85893100597666e9,0.003941,0.,0.,0.,0.,0.,0.
0.,0.,0.,0.,0.,0.,0.,0.,3.858931006003227e9,0.002231,0.,0.,0.,0.,0.,0.
0.,0.,0.,0.,0.,0.,0.,0.,3.85893100603166e9,0.003981,0.,0.,0.,0.,0.,0.
0.,0.,0.,0.,0.,0.,0.,0.,3.858931006054929e9,0.00129,0.,0.,0.,0.,0.,0.
0.,0.,0.,0.,0.,0.,0.,0.,3.858931006074894e9,0.00128,0.,0.,0.,0.,0.,0.
0.,0.,0.,0.,0.,0.,0.,0.,3.858931006102979e9,0.004023,0.,0.,0.,0.,0.,0.
0.,0.,0.,0.,0.,0.,0.,0.,3.858931006130694e9,0.002223,0.,0.,0.,0.,0.,0.
0.,0.,0.,0.,0.,0.,0.,0.,3.858931006160646e9,0.00407,0.,0.,0.,0.,0.,0.
0.,0.,0.,0.,0.,0.,0.,0.,3.85893100619964e9,0.005212,0.,0.,0.,0.,0.,0.
0.,0.,0.,0.,0.,0.,0.,0.,3.858931007820823e9,0.001321,0.,0.,0.,0.,0.,0.
0.,0.,0.,0.,0.,0.,0.,0.,3.858931007850156e9,0.00411,0.,0.,0.,0.,0.,0.
0.,0.,0.,0.,0.,0.,0.,0.,3.858931007878726e9,0.002217,0.,0.,0.,0.,0.,0.
0.,0.,0.,0.,0.,0.,0.,0.,3.858931007916978e9,0.005387,0.,0.,0.,0.,0.,0.
0.,0.,0.,0.,0.,0.,0.,0.,3.858931007943092e9,0.001334,0.,0.,0.,0.,0.,0.
0.,0.,0.,0.,0.,0.,0.,0.,3.858931007964818e9,0.001347,0.,0.,0.,0.,0.,0.
0.,0.,0.,0.,0.,0.,0.,0.,3.858931007995427e9,0.004124,0.,0.,0.,0.,0.,0.
0.,0.,0.,0.,0.,0.,0.,0.,3.858931008025351e9,0.0024,0.,0.,0.,0.,0.,0.
0.,0.,0.,0.,0.,0.,0.,0.,3.858931008057477e9,0.004095,0.,0.,0.,0.,0.,0.
0.,0.,0.,0.,0.,0.,0.,0.,3.858931008098408e9,0.005317,0.,0.,0.,0.,0.,0.
0.,0.,0.,0.,0.,0.,0.,0.,3.858931012781905e9,0.001425,0.,0.,0.,0.,0.,0.
0.,0.,0.,0.,0.,0.,0.,0.,3.858931012813943e9,0.004028,0.,0.,0.,0.,0.,0.
0.,0.,0.,0.,0.,0.,0.,0.,3.858931012844527e9,0.00228,0.,0.,0.,0.,0.,0.
0.,0.,0.,0.,0.,0.,0.,0.,3.858931012884711e9,0.005313,0.,0.,0.,0.,0.,0.
0.,0.,0.,0.,0.,0.,0.,0.,3.858931012912252e9,0.001372,0.,0.,0.,0.,0.,0.
0.,0.,0.,0.,0.,0.,0.,0.,3.858931012935958e9,0.001358,0.,0.,0.,0.,0.,0.
0.,0.,0.,0.,0.,0.,0.,0.,3.858931012968675e9,0.004087,0.,0.,0.,0.,0.,0.
0.,0.,0.,0.,0.,0.,0.,0.,3.858931013000322e9,0.002288,0.,0.,0.,0.,0.,0.
0.,0.,0.,0.,0.,0.,0.,0.,3.858931013034026e9,0.003977,0.,0.,0.,0.,0.,0.
0.,0.,0.,0.,0.,0.,0.,0.,3.85893101307597e9,0.005345,0.,0.,0.,0.,0.,0.
0.,0.,0.,0.,0.,0.,0.,0.,3.858931016271786e9,0.001473,0.,0.,0.,0.,0.,0.
0.,0.,0.,0.,0.,0.,0.,0.,3.858931016305732e9,0.004015,0.,0.,0.,0.,0.,0.
0.,0.,0.,0.,0.,0.,0.,0.,3.858931016338087e9,0.002251,0.,0.,0.,0.,0.,0.
0.,0.,0.,0.,0.,0.,0.,0.,3.858931016372155e9,0.003964,0.,0.,0.,0.,0.,0.
0.,0.,0.,0.,0.,0.,0.,0.,3.858931016399415e9,0.001353,0.,0.,0.,0.,0.,0.
0.,0.,0.,0.,0.,0.,0.,0.,3.858931016424533e9,0.001381,0.,0.,0.,0.,0.,0.
0.,0.,0.,0.,0.,0.,0.,0.,3.858931016458801e9,0.004028,0.,0.,0.,0.,0.,0.
0.,0.,0.,0.,0.,0.,0.,0.,3.858931016491629e9,0.002251,0.,0.,0.,0.,0.,0.
0.,0.,0.,0.,0.,0.,0.,0.,3.85893101652711e9,0.003945,0.,0.,0.,0.,0.,0.
0.,0.,0.,0.,0.,0.,0.,0.,3.858931016571414e9,0.005227,0.,0.,0.,0.,0.,0.
0.,0.,0.,0.,0.,0.,0.,0.,3.85893101823369e9,0.001482,0.,0.,0.,0.,0.,0.
0.,0.,0.,0.,0.,0.,0.,0.,3.85893101826945e9,0.00435,0.,0.,0.,0.,0.,0.
0.,0.,0.,0.,0.,0.,0.,0.,3.858931018304222e9,0.002394,0.,0.,0.,0.,0.,0.
0.,0.,0.,0.,0.,0.,0.,0.,3.858931018341284e9,0.004204,0.,0.,0.,0.,0.,0.
0.,0.,0.,0.,0.,0.,0.,0.,3.858931018370795e9,0.001386,0.,0.,0.,0.,0.,0.
0.,0.,0.,0.,0.,0.,0.,0.,3.858931018397962e9,0.001404,0.,0.,0.,0.,0.,0.
0.,0.,0.,0.,0.,0.,0.,0.,3.858931018434311e9,0.004292,0.,0.,0.,0.,0.,0.
0.,0.,0.,0.,0.,0.,0.,0.,3.858931018469759e9,0.002309,0.,0.,0.,0.,0.,0.
0.,0.,0.,0.,0.,0.,0.,0.,3.858931018507599e9,0.004309,0.,0.,0.,0.,0.,0.
0.,0.,0.,0.,0.,0.,0.,0.,3.858931018554332e9,0.005419,0.,0.,0.,0.,0.,0.
0.,0.,0.,0.,0.,0.,0.,0.,3.858931021086091e9,0.00848,0.,0.,0.,0.,0.,0.
0.,0.,0.,0.,0.,0.,0.,0.,3.858931021136906e9,0.005299,0.,0.,0.,0.,0.,0.
0.,0.,0.,0.,0.,0.,0.,0.,3.858931022770616e9,0.008254,0.,0.,0.,0.,0.,0.
0.,0.,0.,0.,0.,0.,0.,0.,3.85893102282164e9,0.005354,0.,0.,0.,0.,0.,0.
0.,0.,0.,0.,0.,0.,0.,0.,3.858931024007962e9,0.003208,0.,0.,0.,0.,0.,0.
0.,0.,0.,0.,0.,0.,0.,0.,3.858931024053806e9,0.005364,0.,0.,0.,0.,0.,0.
0.,0.,0.,0.,0.,0.,0.,0.,3.858931024885886e9,0.003169,0.,0.,0.,0.,0.,0.
0.,0.,0.,0.,0.,0.,0.,0.,3.858931024930938e9,0.005463,0.,0.,0.,0.,0.,0.
0.,0.,0.,0.,0.,0.,0.,0.,0.,0.,0.,0.,0.,0.,3.85893102519061e9,0.011161
0.,0.,0.,0.,0.,0.,0.,0.,0.,0.,0.,0.,0.,0.,3.8589310252284e9,0.050094
0.,0.,0.,0.,0.,0.,0.,0.,3.858931025340532e9,0.00137,0.,0.,0.,0.,0.,0.
0.,0.,0.,0.,0.,0.,0.,0.,3.858931025371985e9,0.004414,0.,0.,0.,0.,0.,0.
0.,0.,0.,0.,0.,0.,0.,0.,3.858931025406456e9,0.002518,0.,0.,0.,0.,0.,0.
0.,0.,0.,0.,0.,0.,0.,0.,3.858931025440431e9,0.005747,0.,0.,0.,0.,0.,0.
0.,0.,0.,0.,0.,0.,0.,0.,3.858931025474524e9,0.00145,0.,0.,0.,0.,0.,0.
0.,0.,0.,0.,0.,0.,0.,0.,3.858931025504131e9,0.001448,0.,0.,0.,0.,0.,0.
0.,0.,0.,0.,0.,0.,0.,0.,3.858931025536355e9,0.004445,0.,0.,0.,0.,0.,0.
0.,0.,0.,0.,0.,0.,0.,0.,3.858931025571361e9,0.002568,0.,0.,0.,0.,0.,0.
0.,0.,0.,0.,0.,0.,0.,0.,3.858931025605815e9,0.004394,0.,0.,0.,0.,0.,0.
0.,0.,0.,0.,0.,0.,0.,0.,3.858931025642681e9,0.005762,0.,0.,0.,0.,0.,0.
0.,0.,0.,0.,0.,0.,0.,0.,3.858931031100181e9,0.003228,0.,0.,0.,0.,0.,0.
0.,0.,0.,0.,0.,0.,0.,0.,3.858931031127412e9,0.007126,0.,0.,0.,0.,0.,0.
0.,0.,0.,0.,0.,0.,0.,0.,3.858931031186675e9,0.006191,0.,0.,0.,0.,0.,0.
0.,0.,0.,0.,0.,0.,0.,0.,3.858931031218117e9,0.01257,0.,0.,0.,0.,0.,0.
0.,0.,0.,0.,0.,0.,0.,0.,3.858931031276255e9,0.003251,0.,0.,0.,0.,0.,0.
0.,0.,0.,0.,0.,0.,0.,0.,3.858931031305165e9,0.009463,0.,0.,0.,0.,0.,0.
0.,0.,0.,0.,0.,0.,0.,0.,3.858931031364584e9,0.005624,0.,0.,0.,0.,0.,0.
0.,0.,0.,0.,0.,0.,0.,0.,3.85893103139592e9,0.01295,0.,0.,0.,0.,0.,0.
0.,0.,0.,0.,0.,0.,0.,0.,3.85893103145667e9,0.002407,0.,0.,0.,0.,0.,0.
0.,0.,0.,0.,0.,0.,0.,0.,3.858931031484556e9,0.007376,0.,0.,0.,0.,0.,0.
0.,0.,0.,0.,0.,0.,0.,0.,3.85893103153143e9,0.0029,0.,0.,0.,0.,0.,0.
0.,0.,0.,0.,0.,0.,0.,0.,3.858931031560024e9,0.007047,0.,0.,0.,0.,0.,0.
0.,0.,0.,0.,0.,0.,0.,0.,3.85893103162939e9,0.008672,0.,0.,0.,0.,0.,0.
0.,0.,0.,0.,0.,0.,0.,0.,3.858931031681385e9,0.016979,0.,0.,0.,0.,0.,0.
0.,0.,0.,0.,0.,0.,0.,0.,3.858931031742676e9,0.003129,0.,0.,0.,0.,0.,0.
0.,0.,0.,0.,0.,0.,0.,0.,3.858931031770327e9,0.008809,0.,0.,0.,0.,0.,0.
0.,0.,0.,0.,0.,0.,0.,0.,3.858931031828768e9,0.005762,0.,0.,0.,0.,0.,0.
0.,0.,0.,0.,0.,0.,0.,0.,3.858931031859423e9,0.012005,0.,0.,0.,0.,0.,0.
0.,0.,0.,0.,0.,0.,0.,0.,3.858931031929028e9,0.007072,0.,0.,0.,0.,0.,0.
0.,0.,0.,0.,0.,0.,0.,0.,3.858931031966504e9,0.04021,0.,0.,0.,0.,0.,0.
0.,0.,0.,0.,0.,0.,0.,0.,3.858931044391058e9,0.002467,0.,0.,0.,0.,0.,0.
0.,0.,0.,0.,0.,0.,0.,0.,3.858931044419078e9,0.006952,0.,0.,0.,0.,0.,0.
0.,0.,0.,0.,0.,0.,0.,0.,3.858931044481069e9,0.005388,0.,0.,0.,0.,0.,0.
0.,0.,0.,0.,0.,0.,0.,0.,3.85893104451203e9,0.012348,0.,0.,0.,0.,0.,0.
0.,0.,0.,0.,0.,0.,0.,0.,3.858931044577335e9,0.003191,0.,0.,0.,0.,0.,0.
0.,0.,0.,0.,0.,0.,0.,0.,3.858931044605872e9,0.008855,0.,0.,0.,0.,0.,0.
0.,0.,0.,0.,0.,0.,0.,0.,3.858931044678767e9,0.007041,0.,0.,0.,0.,0.,0.
0.,0.,0.,0.,0.,0.,0.,0.,3.858931044712617e9,0.031519,0.,0.,0.,0.,0.,0.
0.,0.,0.,0.,0.,0.,0.,0.,3.858931046602843e9,0.002917,0.,0.,0.,0.,0.,0.
0.,0.,0.,0.,0.,0.,0.,0.,3.858931046633963e9,0.0071,0.,0.,0.,0.,0.,0.
0.,0.,0.,0.,0.,0.,0.,0.,3.858931046692838e9,0.002435,0.,0.,0.,0.,0.,0.
0.,0.,0.,0.,0.,0.,0.,0.,3.858931046724092e9,0.007753,0.,0.,0.,0.,0.,0.
0.,0.,0.,0.,0.,0.,0.,0.,3.858931046792407e9,0.005752,0.,0.,0.,0.,0.,0.
0.,0.,0.,0.,0.,0.,0.,0.,3.858931046824257e9,0.011947,0.,0.,0.,0.,0.,0.
0.,0.,0.,0.,0.,0.,0.,0.,3.858931046891743e9,0.003222,0.,0.,0.,0.,0.,0.
0.,0.,0.,0.,0.,0.,0.,0.,3.858931046921512e9,0.008893,0.,0.,0.,0.,0.,0.
0.,0.,0.,0.,0.,0.,0.,0.,3.858931046985896e9,0.00591,0.,0.,0.,0.,0.,0.
0.,0.,0.,0.,0.,0.,0.,0.,3.858931047018763e9,0.01258,0.,0.,0.,0.,0.,0.
0.,0.,0.,0.,0.,0.,0.,0.,3.858931047103873e9,0.007332,0.,0.,0.,0.,0.,0.
0.,0.,0.,0.,0.,0.,0.,0.,3.85893104714399e9,0.061945,0.,0.,0.,0.,0.,0.
0.,0.,0.,0.,0.,0.,0.,0.,3.858931051260645e9,0.002488,0.,0.,0.,0.,0.,0.
0.,0.,0.,0.,0.,0.,0.,0.,3.858931051290889e9,0.007164,0.,0.,0.,0.,0.,0.
0.,0.,0.,0.,0.,0.,0.,0.,3.858931051355555e9,0.005673,0.,0.,0.,0.,0.,0.
0.,0.,0.,0.,0.,0.,0.,0.,3.858931051389137e9,0.012225,0.,0.,0.,0.,0.,0.
0.,0.,0.,0.,0.,0.,0.,0.,3.858931051460751e9,0.003525,0.,0.,0.,0.,0.,0.
0.,0.,0.,0.,0.,0.,0.,0.,3.858931051492236e9,0.009521,0.,0.,0.,0.,0.,0.
0.,0.,0.,0.,0.,0.,0.,0.,3.858931051575612e9,0.007601,0.,0.,0.,0.,0.,0.
0.,0.,0.,0.,0.,0.,0.,0.,3.85893105161255e9,0.030498,0.,0.,0.,0.,0.,0.
0.,0.,0.,0.,0.,0.,0.,0.,3.85893105349959e9,0.002557,0.,0.,0.,0.,0.,0.
0.,0.,0.,0.,0.,0.,0.,0.,3.858931053530369e9,0.00721,0.,0.,0.,0.,0.,0.
0.,0.,0.,0.,0.,0.,0.,0.,3.858931053591913e9,0.00242,0.,0.,0.,0.,0.,0.
0.,0.,0.,0.,0.,0.,0.,0.,3.858931053622578e9,0.007026,0.,0.,0.,0.,0.,0.
0.,0.,0.,0.,0.,0.,0.,0.,3.858931053695571e9,0.005799,0.,0.,0.,0.,0.,0.
0.,0.,0.,0.,0.,0.,0.,0.,3.858931053729575e9,0.01198,0.,0.,0.,0.,0.,0.
0.,0.,0.,0.,0.,0.,0.,0.,3.858931053800522e9,0.0032,0.,0.,0.,0.,0.,0.
0.,0.,0.,0.,0.,0.,0.,0.,3.858931053831958e9,0.008782,0.,0.,0.,0.,0.,0.
0.,0.,0.,0.,0.,0.,0.,0.,3.858931053905945e9,0.005253,0.,0.,0.,0.,0.,0.
0.,0.,0.,0.,0.,0.,0.,0.,3.858931053939919e9,0.012008,0.,0.,0.,0.,0.,0.
0.,0.,0.,0.,0.,0.,0.,0.,3.858931054024494e9,0.007078,0.,0.,0.,0.,0.,0.
0.,0.,0.,0.,0.,0.,0.,0.,3.858931054066159e9,0.040703,0.,0.,0.,0.,0.,0.
0.,0.,0.,0.,0.,0.,0.,0.,3.858931056832748e9,0.002449,0.,0.,0.,0.,0.,0.
0.,0.,0.,0.,0.,0.,0.,0.,3.858931056865008e9,0.007143,0.,0.,0.,0.,0.,0.
0.,0.,0.,0.,0.,0.,0.,0.,3.858931056930525e9,0.005551,0.,0.,0.,0.,0.,0.
0.,0.,0.,0.,0.,0.,0.,0.,3.858931056965695e9,0.01231,0.,0.,0.,0.,0.,0.
0.,0.,0.,0.,0.,0.,0.,0.,3.858931057036951e9,0.00323,0.,0.,0.,0.,0.,0.
0.,0.,0.,0.,0.,0.,0.,0.,3.858931057070783e9,0.00881,0.,0.,0.,0.,0.,0.
0.,0.,0.,0.,0.,0.,0.,0.,3.858931057139311e9,0.005698,0.,0.,0.,0.,0.,0.
0.,0.,0.,0.,0.,0.,0.,0.,3.858931057175458e9,0.012343,0.,0.,0.,0.,0.,0.
0.,0.,0.,0.,0.,0.,0.,0.,3.858931057249888e9,0.002536,0.,0.,0.,0.,0.,0.
0.,0.,0.,0.,0.,0.,0.,0.,3.858931057283144e9,0.007179,0.,0.,0.,0.,0.,0.
0.,0.,0.,0.,0.,0.,0.,0.,3.858931057339732e9,0.002384,0.,0.,0.,0.,0.,0.
0.,0.,0.,0.,0.,0.,0.,0.,3.858931057372694e9,0.0071,0.,0.,0.,0.,0.,0.
0.,0.,0.,0.,0.,0.,0.,0.,3.858931057449109e9,0.005799,0.,0.,0.,0.,0.,0.
0.,0.,0.,0.,0.,0.,0.,0.,3.858931057485609e9,0.012185,0.,0.,0.,0.,0.,0.
0.,0.,0.,0.,0.,0.,0.,0.,3.858931057555402e9,0.003334,0.,0.,0.,0.,0.,0.
0.,0.,0.,0.,0.,0.,0.,0.,3.858931057589822e9,0.00903,0.,0.,0.,0.,0.,0.
0.,0.,0.,0.,0.,0.,0.,0.,3.858931057668429e9,0.005292,0.,0.,0.,0.,0.,0.
0.,0.,0.,0.,0.,0.,0.,0.,3.858931057704748e9,0.012387,0.,0.,0.,0.,0.,0.
0.,0.,0.,0.,0.,0.,0.,0.,3.858931057796419e9,0.007149,0.,0.,0.,0.,0.,0.
0.,0.,0.,0.,0.,0.,0.,0.,3.858931057841694e9,0.049334,0.,0.,0.,0.,0.,0.
0.,0.,0.,0.,0.,0.,0.,0.,3.858931060659935e9,0.00171,0.,0.,0.,0.,0.,0.
0.,0.,0.,0.,0.,0.,0.,0.,3.858931060722813e9,0.002452,0.,0.,0.,0.,0.,0.
0.,0.,0.,0.,0.,0.,0.,0.,3.858931060785971e9,0.002576,0.,0.,0.,0.,0.,0.
0.,0.,0.,0.,0.,0.,0.,0.,3.858931060852573e9,0.0048,0.,0.,0.,0.,0.,0.
3.858930982370232e9,82.869242,0.,0.,0.,0.,0.,0.,0.,0.,0.,0.,0.,0.,0.,0.
0.,0.,3.858931065270836e9,0.002201,0.,0.,0.,0.,0.,0.,0.,0.,0.,0.,0.,0.
0.,0.,0.,0.,0.,0.,0.,0.,0.,0.,0.,0.,0.,0.,3.858931065323441e9,0.062477
0.,0.,0.,0.,0.,0.,0.,0.,0.,0.,3.858931065323346e9,0.10656,0.,0.,0.,0.
0.,0.,0.,0.,0.,0.,0.,0.,0.,0.,0.,0.,0.,0.,3.858931065461749e9,0.05783
0.,0.,0.,0.,0.,0.,0.,0.,0.,0.,0.,0.,0.,0.,3.858931065564323e9,0.056542
0.,0.,0.,0.,0.,0.,0.,0.,0.,0.,0.,0.,0.,0.,3.85893106565295e9,0.068518
0.,0.,0.,0.,0.,0.,0.,0.,0.,0.,0.,0.,0.,0.,3.858931065753421e9,0.068898
0.,0.,0.,0.,0.,0.,0.,0.,0.,0.,0.,0.,0.,0.,3.858931065854502e9,0.066336
0.,0.,0.,0.,0.,0.,0.,0.,0.,0.,0.,0.,0.,0.,3.858931065953991e9,0.057441
0.,0.,0.,0.,0.,0.,0.,0.,0.,0.,0.,0.,0.,0.,3.858931066056761e9,0.057196
0.,0.,0.,0.,0.,0.,0.,0.,0.,0.,0.,0.,0.,0.,3.858931066146865e9,0.06974
0.,0.,0.,0.,0.,0.,0.,0.,0.,0.,0.,0.,0.,0.,3.858931066250615e9,0.058063
0.,0.,0.,0.,0.,0.,0.,0.,0.,0.,0.,0.,0.,0.,3.858931066342887e9,0.056842
0.,0.,0.,0.,0.,0.,0.,0.,0.,0.,0.,0.,0.,0.,3.858931066433297e9,0.057941
0.,0.,0.,0.,0.,0.,0.,0.,0.,0.,0.,0.,0.,0.,3.858931066525221e9,0.057753
0.,0.,0.,0.,0.,0.,0.,0.,0.,0.,0.,0.,0.,0.,3.85893106661738e9,0.057316
0.,0.,0.,0.,0.,0.,0.,0.,0.,0.,0.,0.,0.,0.,3.85893106670892e9,0.012771
0.,0.,0.,0.,0.,0.,0.,0.,0.,0.,0.,0.,0.,0.,3.858931066755457e9,0.012776
0.,0.,0.,0.,0.,0.,0.,0.,0.,0.,0.,0.,0.,0.,3.858931066802082e9,0.013041
0.,0.,0.,0.,0.,0.,0.,0.,0.,0.,0.,0.,0.,0.,3.858931066848697e9,0.014572
0.,0.,0.,0.,0.,0.,0.,0.,0.,0.,3.858931066848591e9,0.057934,0.,0.,0.,0.
0.,0.,0.,0.,0.,0.,0.,0.,0.,0.,0.,0.,0.,0.,3.858931066940633e9,0.013038
0.,0.,0.,0.,0.,0.,0.,0.,0.,0.,0.,0.,0.,0.,3.858931066992966e9,0.01004
0.,0.,0.,0.,0.,0.,0.,0.,0.,0.,3.858931066992826e9,0.046302,0.,0.,0.,0.
0.,0.,0.,0.,0.,0.,0.,0.,0.,0.,0.,0.,0.,0.,3.858931067072946e9,0.005709
0.,0.,0.,0.,0.,0.,0.,0.,0.,0.,0.,0.,0.,0.,3.858931067115854e9,0.009828
0.,0.,0.,0.,0.,0.,0.,0.,0.,0.,0.,0.,0.,0.,3.858931067163145e9,0.005668
0.,0.,0.,0.,0.,0.,0.,0.,0.,0.,0.,0.,0.,0.,3.858931067203221e9,0.005539
0.,0.,0.,0.,0.,0.,0.,0.,0.,0.,0.,0.,0.,0.,3.858931067253122e9,0.007459
0.,0.,0.,0.,0.,0.,0.,0.,0.,0.,0.,0.,0.,0.,3.858931067296903e9,0.006185
0.,0.,0.,0.,0.,0.,0.,0.,0.,0.,0.,0.,0.,0.,3.858931067338183e9,0.005575
0.,0.,0.,0.,0.,0.,0.,0.,0.,0.,0.,0.,0.,0.,3.858931067379841e9,0.006001
0.,0.,0.,0.,0.,0.,0.,0.,0.,0.,0.,0.,0.,0.,3.858931067422675e9,0.005757
0.,0.,0.,0.,0.,0.,0.,0.,0.,0.,0.,0.,0.,0.,3.858931067463787e9,0.005864
0.,0.,0.,0.,0.,0.,0.,0.,0.,0.,0.,0.,0.,0.,3.858931067504945e9,0.005873
0.,0.,0.,0.,0.,0.,0.,0.,0.,0.,0.,0.,0.,0.,3.858931067546449e9,0.005887
0.,0.,0.,0.,0.,0.,0.,0.,0.,0.,0.,0.,0.,0.,3.858931067587819e9,0.005766
0.,0.,0.,0.,0.,0.,0.,0.,0.,0.,0.,0.,0.,0.,3.85893106762944e9,0.005928
0.,0.,0.,0.,0.,0.,0.,0.,0.,0.,0.,0.,0.,0.,3.858931067672551e9,0.043753
0.,0.,0.,0.,0.,0.,0.,0.,0.,0.,0.,0.,0.,0.,3.858931067753412e9,0.141103
0.,0.,0.,0.,0.,0.,0.,0.,0.,0.,0.,0.,0.,0.,3.858931067930781e9,0.088251
0.,0.,0.,0.,0.,0.,0.,0.,0.,0.,3.858931067930655e9,0.125041,0.,0.,0.,0.
0.,0.,0.,0.,0.,0.,0.,0.,0.,0.,0.,0.,0.,0.,3.858931068093307e9,0.088517
0.,0.,0.,0.,0.,0.,0.,0.,0.,0.,0.,0.,3.858931068246728e9,0.080008,0.,0.
0.,0.,0.,0.,0.,0.,0.,0.,0.,0.,0.,0.,3.858931069213377e9,0.109826,0.,0.
0.,0.,0.,0.,0.,0.,0.,0.,0.,0.,0.,0.,3.858931069359901e9,0.034675,0.,0.
0.,0.,0.,0.,0.,0.,0.,0.,0.,0.,0.,0.,3.858931069432036e9,0.024005,0.,0.
0.,0.,0.,0.,0.,0.,0.,0.,0.,0.,0.,0.,3.858931069493432e9,0.024188,0.,0.
0.,0.,0.,0.,0.,0.,0.,0.,0.,0.,0.,0.,3.858931069555179e9,0.073058,0.,0.
0.,0.,0.,0.,0.,0.,0.,0.,0.,0.,0.,0.,3.858931069666771e9,0.103745,0.,0.
0.,0.,0.,0.,0.,0.,0.,0.,0.,0.,0.,0.,3.858931070278519e9,0.683342,0.,0.
0.,0.,0.,0.,0.,0.,0.,0.,0.,0.,0.,0.,3.85893107100064e9,0.889702,0.,0.
0.,0.,0.,0.,0.,0.,0.,0.,0.,0.,0.,0.,3.858931071928601e9,0.102228,0.,0.
0.,0.,0.,0.,0.,0.,0.,0.,0.,0.,0.,0.,3.858931072068899e9,0.099547,0.,0.
0.,0.,0.,0.,0.,0.,0.,0.,0.,0.,0.,0.,3.858931072208664e9,0.100425,0.,0.
0.,0.,0.,0.,0.,0.,0.,0.,0.,0.,0.,0.,3.858931072347073e9,0.030418,0.,0.
0.,0.,0.,0.,0.,0.,0.,0.,0.,0.,0.,0.,3.858931072415976e9,3.586893,0.,0.
0.,0.,0.,0.,0.,0.,0.,0.,0.,0.,0.,0.,3.85893107604145e9,0.028785,0.,0.
0.,0.,0.,0.,0.,0.,0.,0.,0.,0.,0.,0.,3.858931076108337e9,0.099806,0.,0.
0.,0.,0.,0.,0.,0.,0.,0.,0.,0.,0.,0.,3.858931076246276e9,0.126226,0.,0.
0.,0.,0.,0.,0.,0.,0.,0.,0.,0.,0.,0.,3.858931076411115e9,0.098944,0.,0.
0.,0.,0.,0.,0.,0.,0.,0.,0.,0.,0.,0.,3.858931076548428e9,0.061157,0.,0.
0.,0.,0.,0.,0.,0.,0.,0.,0.,0.,0.,0.,3.858931076648476e9,0.068976,0.,0.
0.,0.,0.,0.,0.,0.,0.,0.,0.,0.,0.,0.,3.858931076756213e9,0.011769,0.,0.
0.,0.,0.,0.,0.,0.,0.,0.,0.,0.,0.,0.,3.858931076806602e9,0.011507,0.,0.
0.,0.,0.,0.,0.,0.,0.,0.,0.,0.,0.,0.,3.858931076856454e9,0.011592,0.,0.
0.,0.,0.,0.,0.,0.,0.,0.,0.,0.,0.,0.,3.858931076906642e9,0.060028,0.,0.
0.,0.,0.,0.,0.,0.,0.,0.,0.,0.,0.,0.,3.858931077006062e9,0.065586,0.,0.
0.,0.,0.,0.,0.,0.,0.,0.,0.,0.,0.,0.,3.858931077111641e9,0.578192,0.,0.
0.,0.,0.,0.,0.,0.,0.,0.,0.,0.,0.,0.,3.858931077729023e9,0.776867,0.,0.
0.,0.,0.,0.,0.,0.,0.,0.,0.,0.,0.,0.,3.858931078545542e9,0.06565,0.,0.
0.,0.,0.,0.,0.,0.,0.,0.,0.,0.,0.,0.,3.858931078650982e9,0.065663,0.,0.
0.,0.,0.,0.,0.,0.,0.,0.,0.,0.,0.,0.,3.858931078756645e9,0.065636,0.,0.
0.,0.,0.,0.,0.,0.,0.,0.,0.,0.,0.,0.,3.858931078862159e9,0.011785,0.,0.
0.,0.,0.,0.,0.,0.,0.,0.,0.,0.,0.,0.,3.858931078914326e9,0.861746,0.,0.
0.,0.,0.,0.,0.,0.,0.,0.,0.,0.,0.,0.,3.858931079819031e9,0.012822,0.,0.
0.,0.,0.,0.,0.,0.,0.,0.,0.,0.,0.,0.,3.858931079875075e9,0.071162,0.,0.
0.,0.,0.,0.,0.,0.,0.,0.,0.,0.,0.,0.,3.858931079989829e9,0.120098,0.,0.
0.,0.,0.,0.,0.,0.,0.,0.,0.,0.,0.,0.,3.858931080154424e9,0.071074,0.,0.
0.,0.,0.,0.,0.,0.,0.,0.,0.,0.,0.,0.,3.858931080269842e9,0.034594,0.,0.
0.,0.,0.,0.,0.,0.,0.,0.,0.,0.,0.,0.,3.858931080348596e9,0.071294,0.,0.
0.,0.,0.,0.,0.,0.,0.,0.,0.,0.,0.,0.,3.858931080464278e9,0.034784,0.,0.
0.,0.,0.,0.,0.,0.,0.,0.,0.,0.,0.,0.,3.858931080544225e9,0.541085,0.,0.
0.,0.,0.,0.,0.,0.,0.,0.,0.,0.,0.,0.,3.858931081127686e9,0.029751,0.,0.
0.,0.,0.,0.,0.,0.,0.,0.,0.,0.,0.,0.,3.858931081199193e9,0.065964,0.,0.
0.,0.,0.,0.,0.,0.,0.,0.,0.,0.,0.,0.,3.858931081306499e9,0.031769,0.,0.
0.,0.,0.,0.,0.,0.,0.,0.,0.,0.,0.,0.,3.858931081379724e9,0.065662,0.,0.
0.,0.,0.,0.,0.,0.,0.,0.,0.,0.,0.,0.,3.858931081486793e9,0.011653,0.,0.
0.,0.,0.,0.,0.,0.,0.,0.,0.,0.,0.,0.,3.858931081539632e9,0.065668,0.,0.
0.,0.,0.,0.,0.,0.,0.,0.,0.,0.,0.,0.,3.858931081646653e9,0.011529,0.,0.
0.,0.,0.,0.,0.,0.,0.,0.,0.,0.,0.,0.,3.85893108169952e9,0.503911,0.,0.
0.,0.,0.,0.,0.,0.,0.,0.,0.,0.,0.,0.,3.858931082245516e9,0.011676,0.,0.
0.,0.,0.,0.,0.,0.,0.,0.,0.,0.,0.,0.,3.858931082299571e9,0.066518,0.,0.
0.,0.,0.,0.,0.,0.,0.,0.,0.,0.,0.,0.,3.858931082408425e9,0.011803,0.,0.
0.,0.,0.,0.,0.,0.,0.,0.,0.,0.,0.,0.,3.858931082462361e9,0.066582,0.,0.
0.,0.,0.,0.,0.,0.,0.,0.,0.,0.,0.,0.,0.,0.,3.858931088771426e9,3.013945
0.,0.,0.,0.,0.,0.,0.,0.,0.,0.,3.858931082739434e9,9.089392,0.,0.,0.,0.
0.,0.,0.,0.,0.,0.,0.,0.,0.,0.,0.,0.,0.,0.,3.858931092013683e9,2.433879
0.,0.,0.,0.,0.,0.,0.,0.,0.,0.,0.,0.,0.,0.,3.858931094656537e9,2.736154
0.,0.,0.,0.,0.,0.,0.,0.,0.,0.,0.,0.,0.,0.,3.858931097558078e9,2.435581
0.,0.,0.,0.,0.,0.,0.,0.,0.,0.,0.,0.,0.,0.,3.858931100157914e9,2.407562
0.,0.,0.,0.,0.,0.,0.,0.,0.,0.,0.,0.,0.,0.,3.858931102727789e9,2.415155
0.,0.,0.,0.,0.,0.,0.,0.,0.,0.,0.,0.,0.,0.,3.858931105305924e9,2.516341
0.,0.,0.,0.,0.,0.,0.,0.,0.,0.,0.,0.,0.,0.,3.858931107999959e9,2.673416
0.,0.,0.,0.,0.,0.,0.,0.,0.,0.,0.,0.,0.,0.,3.858931110856098e9,2.641298
0.,0.,0.,0.,0.,0.,0.,0.,0.,0.,0.,0.,0.,0.,3.858931113681374e9,2.643513
0.,0.,0.,0.,0.,0.,0.,0.,0.,0.,0.,0.,0.,0.,3.85893111650424e9,2.646043
0.,0.,0.,0.,0.,0.,0.,0.,0.,0.,0.,0.,0.,0.,3.858931119336145e9,2.653709
0.,0.,0.,0.,0.,0.,0.,0.,0.,0.,0.,0.,0.,0.,3.858931122164151e9,2.63647
0.,0.,0.,0.,0.,0.,0.,0.,0.,0.,0.,0.,0.,0.,3.858931124995576e9,2.434213
0.,0.,0.,0.,0.,0.,0.,0.,0.,0.,0.,0.,0.,0.,3.858931127600177e9,2.458738
0.,0.,0.,0.,0.,0.,0.,0.,0.,0.,0.,0.,0.,0.,3.858931130234623e9,2.643326
0.,0.,0.,0.,0.,0.,0.,0.,0.,0.,0.,0.,0.,0.,3.858931133062548e9,2.644421
0.,0.,0.,0.,0.,0.,0.,0.,0.,0.,0.,0.,0.,0.,3.858931138986026e9,2.652169
0.,0.,0.,0.,0.,0.,0.,0.,0.,0.,3.858931135753569e9,5.930428,0.,0.,0.,0.
0.,0.,0.,0.,0.,0.,0.,0.,0.,0.,0.,0.,0.,0.,3.858931141869886e9,2.636969
0.,0.,0.,0.,0.,0.,3.858931065318148e9,82.450923,0.,0.,0.,0.,0.,0.,0.,0.
0.,0.,0.,0.,0.,0.,0.,0.,0.,0.,0.,0.,0.,0.,3.858931155011633e9,0.000215
0.,0.,0.,0.,0.,0.,0.,0.,0.,0.,3.85893115501136e9,0.045481,0.,0.,0.,0.
0.,0.,0.,0.,0.,0.,0.,0.,0.,0.,0.,0.,0.,0.,3.858931155100891e9,0.000315
0.,0.,0.,0.,0.,0.,0.,0.,0.,0.,0.,0.,0.,0.,3.858931155145744e9,0.000272
0.,0.,0.,0.,0.,0.,0.,0.,0.,0.,0.,0.,0.,0.,3.858931155191045e9,0.000316
0.,0.,0.,0.,0.,0.,0.,0.,0.,0.,0.,0.,0.,0.,3.858931155236281e9,0.000312
0.,0.,0.,0.,0.,0.,0.,0.,0.,0.,0.,0.,0.,0.,3.858931155281572e9,0.000317
0.,0.,0.,0.,0.,0.,0.,0.,0.,0.,0.,0.,0.,0.,3.858931155328081e9,0.000326
0.,0.,0.,0.,0.,0.,0.,0.,0.,0.,0.,0.,0.,0.,3.858931155373846e9,0.000304
0.,0.,0.,0.,0.,0.,0.,0.,0.,0.,0.,0.,0.,0.,3.858931155419898e9,0.000316
0.,0.,0.,0.,0.,0.,0.,0.,0.,0.,0.,0.,0.,0.,3.858931155465875e9,0.000295
0.,0.,0.,0.,0.,0.,0.,0.,0.,0.,0.,0.,0.,0.,3.858931155511599e9,0.000322
0.,0.,0.,0.,0.,0.,0.,0.,0.,0.,0.,0.,0.,0.,3.858931155558506e9,0.00032
0.,0.,0.,0.,0.,0.,0.,0.,0.,0.,0.,0.,0.,0.,3.858931155604921e9,0.000327
0.,0.,0.,0.,0.,0.,0.,0.,0.,0.,0.,0.,0.,0.,3.858931155651646e9,0.000319
0.,0.,0.,0.,0.,0.,0.,0.,0.,0.,0.,0.,0.,0.,3.858931155697582e9,0.0003
0.,0.,0.,0.,0.,0.,0.,0.,0.,0.,0.,0.,0.,0.,3.858931155743775e9,0.000307
0.,0.,0.,0.,0.,0.,0.,0.,0.,0.,0.,0.,0.,0.,3.858931155790251e9,0.00032
0.,0.,0.,0.,0.,0.,0.,0.,0.,0.,0.,0.,0.,0.,3.858931155836826e9,0.00026
0.,0.,0.,0.,0.,0.,0.,0.,0.,0.,3.858931155836526e9,0.047031,0.,0.,0.,0.
0.,0.,0.,0.,0.,0.,0.,0.,0.,0.,0.,0.,0.,0.,3.858931155930896e9,0.000327
0.,0.,0.,0.,0.,0.,0.,0.,0.,0.,0.,0.,0.,0.,3.858931160630362e9,2.912149
0.,0.,0.,0.,0.,0.,0.,0.,0.,0.,3.858931156333249e9,7.258042,0.,0.,0.,0.
0.,0.,0.,0.,0.,0.,0.,0.,0.,0.,0.,0.,0.,0.,3.858931163774024e9,2.802831
0.,0.,0.,0.,0.,0.,0.,0.,0.,0.,0.,0.,0.,0.,3.858931166763192e9,2.724932
0.,0.,0.,0.,0.,0.,0.,0.,0.,0.,0.,0.,0.,0.,3.858931169672399e9,2.668851
0.,0.,0.,0.,0.,0.,0.,0.,0.,0.,0.,0.,0.,0.,3.85893117251789e9,2.671006
0.,0.,0.,0.,0.,0.,0.,0.,0.,0.,0.,0.,0.,0.,3.858931175369811e9,2.718535
0.,0.,0.,0.,0.,0.,0.,0.,0.,0.,0.,0.,0.,0.,3.858931178270825e9,2.682701
0.,0.,0.,0.,0.,0.,0.,0.,0.,0.,0.,0.,0.,0.,3.858931181133006e9,2.653052
0.,0.,0.,0.,0.,0.,0.,0.,0.,0.,0.,0.,0.,0.,3.858931183965466e9,2.715647
0.,0.,0.,0.,0.,0.,0.,0.,0.,0.,0.,0.,0.,0.,3.858931186867175e9,2.706429
0.,0.,0.,0.,0.,0.,0.,0.,0.,0.,0.,0.,0.,0.,3.858931189753974e9,2.649237
0.,0.,0.,0.,0.,0.,0.,0.,0.,0.,0.,0.,0.,0.,3.858931192579567e9,2.67783
0.,0.,0.,0.,0.,0.,0.,0.,0.,0.,0.,0.,0.,0.,3.858931195436857e9,2.731524
0.,0.,0.,0.,0.,0.,0.,0.,0.,0.,0.,0.,0.,0.,3.858931198352121e9,2.700638
0.,0.,0.,0.,0.,0.,0.,0.,0.,0.,0.,0.,0.,0.,3.858931201234712e9,2.722506
0.,0.,0.,0.,0.,0.,0.,0.,0.,0.,0.,0.,0.,0.,3.858931204562066e9,2.7435
0.,0.,0.,0.,0.,0.,0.,0.,0.,0.,0.,0.,0.,0.,3.858931207487937e9,2.720265
0.,0.,0.,0.,0.,0.,0.,0.,0.,0.,0.,0.,0.,0.,3.858931213860338e9,2.71167
0.,0.,0.,0.,0.,0.,0.,0.,0.,0.,3.858931210258881e9,6.364001,0.,0.,0.,0.
0.,0.,0.,0.,0.,0.,0.,0.,0.,0.,0.,0.,0.,0.,3.858931216801844e9,2.701592
0.,0.,0.,0.,0.,0.,0.,0.,0.,0.,0.,0.,0.,0.,3.858931231841527e9,0.000253
0.,0.,0.,0.,0.,0.,0.,0.,0.,0.,3.858931231841251e9,0.049449,0.,0.,0.,0.
0.,0.,0.,0.,0.,0.,0.,0.,0.,0.,0.,0.,0.,0.,3.858931231939026e9,0.000274
0.,0.,0.,0.,0.,0.,0.,0.,0.,0.,0.,0.,0.,0.,3.85893123198686e9,0.000219
0.,0.,0.,0.,0.,0.,0.,0.,0.,0.,0.,0.,0.,0.,3.858931232035644e9,0.000256
0.,0.,0.,0.,0.,0.,0.,0.,0.,0.,0.,0.,0.,0.,3.858931232084012e9,0.000221
0.,0.,0.,0.,0.,0.,0.,0.,0.,0.,0.,0.,0.,0.,3.858931232132124e9,0.000228
0.,0.,0.,0.,0.,0.,0.,0.,0.,0.,0.,0.,0.,0.,3.858931232180955e9,0.000236
0.,0.,0.,0.,0.,0.,0.,0.,0.,0.,0.,0.,0.,0.,3.858931232229276e9,0.000259
0.,0.,0.,0.,0.,0.,0.,0.,0.,0.,0.,0.,0.,0.,3.858931232278976e9,0.00026
0.,0.,0.,0.,0.,0.,0.,0.,0.,0.,0.,0.,0.,0.,3.858931232327597e9,0.000216
0.,0.,0.,0.,0.,0.,0.,0.,0.,0.,0.,0.,0.,0.,3.858931232377299e9,0.000258
0.,0.,0.,0.,0.,0.,0.,0.,0.,0.,0.,0.,0.,0.,3.858931232426763e9,0.000223
0.,0.,0.,0.,0.,0.,0.,0.,0.,0.,0.,0.,0.,0.,3.858931232476035e9,0.000241
0.,0.,0.,0.,0.,0.,0.,0.,0.,0.,0.,0.,0.,0.,3.858931232525205e9,0.00025
0.,0.,0.,0.,0.,0.,0.,0.,0.,0.,0.,0.,0.,0.,3.858931232574311e9,0.000266
0.,0.,0.,0.,0.,0.,0.,0.,0.,0.,0.,0.,0.,0.,3.8589312326241e9,0.000258
0.,0.,0.,0.,0.,0.,0.,0.,0.,0.,0.,0.,0.,0.,3.858931232673763e9,0.000209
0.,0.,0.,0.,0.,0.,0.,0.,0.,0.,0.,0.,0.,0.,3.858931232723811e9,0.00023
0.,0.,0.,0.,0.,0.,0.,0.,0.,0.,3.858931232723528e9,0.0495,0.,0.,0.,0.
0.,0.,0.,0.,0.,0.,0.,0.,0.,0.,0.,0.,0.,0.,3.858931232822484e9,0.000248
0.,0.,0.,0.,0.,0.,0.,0.,0.,0.,0.,0.,3.858931233173783e9,56.114573,0.,0.
0.,0.,0.,0.,0.,0.,0.,0.,0.,0.,0.,0.,0.,0.,3.858931316503911e9,1.194454
0.,0.,0.,0.,0.,0.,0.,0.,0.,0.,3.858931291624056e9,26.125131,0.,0.,0.,0.
0.,0.,0.,0.,0.,0.,0.,0.,0.,0.,0.,0.,0.,0.,3.858931319206359e9,1.077479
0.,0.,0.,0.,0.,0.,0.,0.,0.,0.,3.858931317983197e9,2.350944,0.,0.,0.,0.
0.,0.,0.,0.,0.,0.,0.,0.,0.,0.,0.,0.,0.,0.,3.858931320417267e9,1.065679
0.,0.,0.,0.,0.,0.,0.,0.,0.,0.,0.,0.,0.,0.,3.858931321566719e9,1.069459
0.,0.,0.,0.,0.,0.,0.,0.,0.,0.,0.,0.,0.,0.,3.858931322718949e9,1.105308
0.,0.,0.,0.,0.,0.,0.,0.,0.,0.,0.,0.,0.,0.,3.858931323909739e9,1.092834
0.,0.,0.,0.,0.,0.,0.,0.,0.,0.,0.,0.,0.,0.,3.858931325088132e9,1.092935
0.,0.,0.,0.,0.,0.,0.,0.,0.,0.,0.,0.,0.,0.,3.858931326268687e9,1.090765
0.,0.,0.,0.,0.,0.,0.,0.,0.,0.,0.,0.,0.,0.,3.858931327445975e9,1.072785
0.,0.,0.,0.,0.,0.,0.,0.,0.,0.,0.,0.,0.,0.,3.858931328603946e9,1.063241
0.,0.,0.,0.,0.,0.,0.,0.,0.,0.,0.,0.,0.,0.,3.85893132975214e9,1.061786
0.,0.,0.,0.,0.,0.,0.,0.,0.,0.,0.,0.,0.,0.,3.858931330899391e9,1.067933
0.,0.,0.,0.,0.,0.,0.,0.,0.,0.,0.,0.,0.,0.,3.858931332051855e9,1.07638
0.,0.,0.,0.,0.,0.,0.,0.,0.,0.,0.,0.,0.,0.,3.85893133321708e9,1.101584
0.,0.,0.,0.,0.,0.,0.,0.,0.,0.,0.,0.,0.,0.,3.858931334406801e9,1.094198
0.,0.,0.,0.,0.,0.,0.,0.,0.,0.,0.,0.,0.,0.,3.858931335590263e9,1.091973
0.,0.,0.,0.,0.,0.,0.,0.,0.,0.,0.,0.,0.,0.,3.858931336942012e9,220.393341
0.,0.,0.,0.,0.,0.,0.,0.,0.,0.,0.,0.,0.,0.,3.858931557879092e9,16.905381
0.,0.,0.,0.,0.,0.,0.,0.,0.,0.,0.,0.,0.,0.,3.85893157912857e9,1.769959
0.,0.,0.,0.,0.,0.,0.,0.,0.,0.,3.858931574848427e9,6.127461,0.,0.,0.,0.
0.,0.,0.,0.,0.,0.,0.,0.,0.,0.,0.,0.,0.,0.,3.858931581087777e9,1.776373
0.,0.,0.,0.,0.,0.,0.,0.,0.,0.,0.,0.,0.,0.,3.858931584307265e9,1.09374
0.,0.,0.,0.,0.,0.,0.,0.,0.,0.,3.858931583106138e9,2.347118,0.,0.,0.,0.
0.,0.,0.,0.,0.,0.,0.,0.,0.,0.,0.,0.,0.,0.,3.858931585600776e9,22.416327
0.,0.,0.,0.,0.,0.,0.,0.,0.,0.,0.,0.,0.,0.,3.858931608083691e9,1.219898
0.,0.,0.,0.,0.,0.,0.,0.,0.,0.,0.,0.,0.,0.,3.858931610636529e9,0.201802
0.,0.,0.,0.,0.,0.,0.,0.,0.,0.,3.858931609366798e9,1.523406,0.,0.,0.,0.
0.,0.,0.,0.,0.,0.,0.,0.,0.,0.,0.,0.,0.,0.,3.858931611170724e9,0.201368
0.,0.,0.,0.,0.,0.,0.,0.,0.,0.,3.858931610950488e9,0.47433,0.,0.,0.,0.
0.,0.,0.,0.,0.,0.,0.,0.,0.,0.,0.,0.,0.,0.,3.85893161147525e9,0.200694
0.,0.,0.,0.,0.,0.,0.,0.,0.,0.,0.,0.,0.,0.,3.858931611727966e9,0.200489
0.,0.,0.,0.,0.,0.,0.,0.,0.,0.,0.,0.,0.,0.,3.85893161220512e9,0.200912
0.,0.,0.,0.,0.,0.,0.,0.,0.,0.,3.858931611985513e9,0.472351,0.,0.,0.,0.
0.,0.,0.,0.,0.,0.,0.,0.,0.,0.,0.,0.,0.,0.,3.858931612508887e9,0.201689
0.,0.,0.,0.,0.,0.,0.,0.,0.,0.,0.,0.,0.,0.,3.858931613183099e9,0.246724
0.,0.,0.,0.,0.,0.,0.,0.,0.,0.,3.85893161276619e9,0.719545,0.,0.,0.,0.
0.,0.,0.,0.,0.,0.,0.,0.,0.,0.,0.,0.,0.,0.,3.85893161355263e9,0.867392
